Metrique,Configuration de Base,Configuration Optimisee,Difference,Amelioration (%)
Rendement Moyen (%),124.39150383888881,136.94949837132293,12.557994532434122,10.095540406601376
Rendement Median (%),127.53197245597839,135.89343390274047,8.361461446762078,6.556364875206722
Sharpe Moyen,8.520391287770927,8.968703978451158,0.44831269068023083,5.261644395647429
Sharpe Median,8.559598169396182,8.876225235705897,0.3166270663097155,3.6990879716968217
Drawdown Moyen (%),-8.085907344165864,-6.215323577451314,1.8705837667145504,23.133875854565808
Win Rate (%),100.0,100.0,0.0,0.0
